calderon_lared_flow,chapala_flow,pozos_flow,toluquilla_flow,scenario,policy,model
3.8496820085877803,9.073719117245005,4.058540700962135,0.15611249086346954,343660,None,AMGmodel
