calderon_lared_flow,chapala_flow,pozos_flow,toluquilla_flow,scenario,policy,model
2.5664546723918535,6.049146078163336,2.705693800641424,0.10407499390897969,43660,None,AMGmodel
