formulation,supplied_demand_deficit_PP1,supplied_demand_deficit_PP2,supplied_demand_deficit_PP3,supplied_demand_deficit_Toluquilla,supplied_demand_deficit_Pozos,supplied_demand_GINI,supply_percapita_GINI,ZAs_below_142,ZAs_below_100,ZAs_below_50,energy_costs,supplied_demand_PP1,supplied_demand_PP2,supplied_demand_PP3,supplied_demand_Toluquilla,supplied_demand_Pozos,supply_percapita_average,comp_energy_costs,comp_supply_percapita_GINI
Sup. Dem. Deficit & All Justice,1.1778287687391751e-05,5.062242987263765e-05,4.980124521480889e-05,0.000179770046881,5.984574508666185e-05,0.0126788979115781,0.0131763097752407,1.0,0.0,0.0,0.0237806145885381,1.073048796102879,1.5000872450616438,1.1199458966448308,1.1289023419553232,1.0515110514993349,128.33220283793906,0.2287550727169121,0.1124089953678567
"Sup. Dem. Deficit, Energy & Sup. PerCap. GINI",2.159325869832696e-05,2.482687469462785e-05,8.907056263485202e-05,9.792273913289408e-06,8.235061730399451e-05,0.0066768468040939,0.0145447084143994,1.0,0.0,0.0,0.0336326676631165,1.0551207059575145,1.1633542246299833,1.071587659715068,1.278663787590702,1.0569703251287124,129.83416568630858,0.6048334357265399,0.1855973515778758
Supplied Demand Deficit,6.084531761207934e-05,0.0001023174342442,4.826723275375144e-05,6.132851081597224e-05,7.613352222901604e-05,0.019024076029537,0.0278621646875041,1.0,0.0,0.0,0.0997889780043862,1.0179017443106066,1.1732887115331256,1.07648667247045,1.114154814512347,1.0480388114424133,127.42809286517073,0.6121327955410718,0.0846587113147084
