formulation,supplied_demand_deficit_PP1,supplied_demand_deficit_PP2,supplied_demand_deficit_PP3,supplied_demand_deficit_Toluquilla,supplied_demand_deficit_Pozos,supplied_demand_GINI,supply_percapita_GINI,ZAs_below_142,ZAs_below_100,ZAs_below_50,energy_costs,supplied_demand_PP1,supplied_demand_PP2,supplied_demand_PP3,supplied_demand_Toluquilla,supplied_demand_Pozos,supply_percapita_average,comp_energy_costs,comp_supply_percapita_GINI
Sup. Dem. Deficit & All Justice,3.445082005892885e-06,4.325281912631596e-05,3.4848049741298404e-05,1.0077052539414488e-05,4.248993399014189e-06,0.0097455371612691,0.0049629242362243,1.0,0.0,0.0,0.0269732608282775,1.0853807193606808,1.071572377765711,1.069799960075105,1.183116006964159,1.0465771245269293,141.58334617555755,0.1594934315682359,0.0760244772301033
"Sup. Dem. Deficit, Energy & Sup. PerCap. GINI",1.0444906024975609e-05,4.367930276027998e-05,2.2700364818106777e-05,6.465202383032498e-05,2.123858069413842e-05,0.0104041074144921,0.0061065336734533,1.0,0.0,0.0,0.0223095944950807,1.079074144058611,1.0841908899461483,1.0548643668244693,1.1325907374220128,1.0655770780859914,141.9666819621819,0.4307566188733682,0.0823594685856862
Supplied Demand Deficit,7.421769019355651e-07,1.1894613288987443e-05,0.0001883654161684,0.0002351372852787,0.0011644483503951,0.0081642063205688,0.0089179020609045,1.0,0.0,0.0,0.1840265824569115,1.0076759901683083,1.049862236812121,1.0291426861531678,1.0501962788432917,1.0290536122153984,141.61268242348837,0.4489070692675335,0.0435284453114405
