formulation,supplied_demand_deficit_PP1,supplied_demand_deficit_PP2,supplied_demand_deficit_PP3,supplied_demand_deficit_Toluquilla,supplied_demand_deficit_Pozos,supplied_demand_GINI,supply_percapita_GINI,ZAs_below_142,ZAs_below_100,ZAs_below_50,energy_costs,supplied_demand_PP1,supplied_demand_PP2,supplied_demand_PP3,supplied_demand_Toluquilla,supplied_demand_Pozos,supply_percapita_average,supply_percapita_PP1,supply_percapita_PP2,supply_percapita_PP3,supply_percapita_Toluquilla,supply_percapita_Pozos,comp_energy_costs,comp_supply_percapita_average
"Sup. Dem. Deficit, Energy & All Justice",0.6102495570011984,2.2611779018189004e-05,4.457064371388153e-05,6.314254766925931e-05,8.98231863550869e-05,0.1495731855497882,0.1432349950228669,2.0,1.0,1.0,0.015546728900614,0.3897504429988015,1.1153184554563436,1.1605111408637925,1.1404148130724718,1.0752095013389746,108.9978036779124,62.45793532392933,163.84016414827897,181.2467571558755,168.4975824610559,157.50212963997686,0.1960901746783697,99.51602710046184
"Sup. Dem. Deficit, Sup. Percap. GINI & Energy",0.6141071351463785,3.4802317660176385e-05,4.013976687899934e-05,9.706135208675803e-06,1.7077728514003354e-05,0.1470787500296334,0.1479890635696149,2.0,1.0,1.0,0.0142619087275263,0.3858928648536215,1.1025418689064963,1.2063075005037178,1.1602434817580154,1.091557786501731,109.59884075169435,61.83975420155559,161.96328492392763,188.3991586986151,171.4272907554737,159.8969091930679,0.3223752286991238,99.45636168735514
Supplied Demand Deficit,0.6102495570011984,4.517629070244222e-05,0.0005641006086588,0.0001566859683352,2.8458048000334912e-06,0.1549936115271392,0.1479772369045073,2.0,1.0,1.0,0.0146604016144519,0.3897504429988015,1.0974305729274758,1.085549273817615,1.042641678438747,1.4235299471685428,109.36883612057083,62.45793532392933,161.2124360806073,169.53933373350594,154.05149089281616,208.5258714753901,0.4961091348075138,102.18778490142016
