formulation,supplied_demand_deficit_PP1,supplied_demand_deficit_PP2,supplied_demand_deficit_PP3,supplied_demand_deficit_Toluquilla,supplied_demand_deficit_Pozos,supplied_demand_GINI,supply_percapita_GINI,ZAs_below_142,ZAs_below_100,ZAs_below_50,energy_costs,supplied_demand_PP1,supplied_demand_PP2,supplied_demand_PP3,supplied_demand_Toluquilla,supplied_demand_Pozos,supply_percapita_average,comp_energy_costs,comp_supply_percapita_GINI
Sup. Dem. Deficit & All Justice,0.6091024329900763,2.2611779018189004e-05,4.457064371388153e-05,7.721014069084209e-05,8.98231863550869e-05,0.1481177016933892,0.1422700834646269,2.0,1.0,1.0,0.0167268727160545,0.3908975670099237,1.1212394991914798,1.235765552654305,1.1639267423169122,1.2928787742476275,108.9978036779124,0.17776984732771,0.1739418293507857
"Sup. Dem. Deficit, Energy & Sup. PerCap. GINI",0.6102495570011984,3.011491835513969e-05,9.764465299888504e-05,4.34193862641763e-07,4.070370753939123e-05,0.1444411810380369,0.1494365482013517,2.0,1.0,1.0,0.0227169921140512,0.3897504429988015,1.115401710765186,1.3242325824406636,1.1605017253799843,1.1058598417949146,109.60309373707068,0.284470449608685,0.2764766628567568
Supplied Demand Deficit,0.6102495570011984,4.517629070244222e-05,2.8936503992271767e-05,0.0001566859683352,2.8458048000334912e-06,0.1549936115271392,0.152935951829541,2.0,1.0,1.0,0.0146604016144519,0.3897504429988015,1.1034348362760973,1.102519390027881,1.079780694568961,1.4235299471685428,109.70469500679243,0.5190932000747821,0.3196319977245631
