formulation,supplied_demand_deficit_PP1,supplied_demand_deficit_PP2,supplied_demand_deficit_PP3,supplied_demand_deficit_Toluquilla,supplied_demand_deficit_Pozos,supplied_demand_GINI,supply_percapita_GINI,ZAs_below_142,ZAs_below_100,ZAs_below_50,energy_costs,supplied_demand_PP1,supplied_demand_PP2,supplied_demand_PP3,supplied_demand_Toluquilla,supplied_demand_Pozos,supply_percapita_average,supply_percapita_PP1,supply_percapita_PP2,supply_percapita_PP3,supply_percapita_Toluquilla,supply_percapita_Pozos,comp_energy_costs,comp_supply_percapita_average
"Sup. Dem. Deficit, Energy & All Justice",1.91e-07,4.33e-05,3.48e-05,1.01e-05,4.25e-06,0.004989852,0.004962924,1.0,0.0,0.0,0.026437108,1.068743611,1.070145782,1.03719751,1.098110023,1.046577125,141.5833462,171.2673341,157.2043031,161.9878333,162.2470017,153.3079142,0.179757249,132.7131895
"Sup. Dem. Deficit, Sup. Percap. GINI & Energy",1.04e-05,7.79e-08,2.27e-05,1.85e-05,1.41e-05,0.008154324,0.010145048,1.0,0.0,0.0,0.024885181,1.073444402,1.078165028,1.054864367,1.111153987,1.056117828,141.966682,172.0206411,158.3823295,164.7470145,164.1742622,154.7054846,0.50029094,128.9491836
Supplied Demand Deficit,0.004292921,3.77e-05,0.000271958,0.000112886,0.000158828,0.008816988,0.010800468,1.0,0.0,0.0,0.201635324,0.995707079,1.030179809,1.020781604,1.031629553,1.029816242,141.6126824,159.5631499,151.3333059,159.4240236,152.4244369,150.8526953,0.134370704,128.3553981
