formulation,supplied_demand_deficit_PP1,supplied_demand_deficit_PP2,supplied_demand_deficit_PP3,supplied_demand_deficit_Toluquilla,supplied_demand_deficit_Pozos,supplied_demand_GINI,supply_percapita_GINI,ZAs_below_142,ZAs_below_100,ZAs_below_50,energy_costs,supplied_demand_PP1,supplied_demand_PP2,supplied_demand_PP3,supplied_demand_Toluquilla,supplied_demand_Pozos,supply_percapita_average,supply_percapita_PP1,supply_percapita_PP2,supply_percapita_PP3,supply_percapita_Toluquilla,supply_percapita_Pozos,comp_energy_costs,comp_supply_percapita_average
"Sup. Dem. Deficit, Energy & All Justice",2.1613285745569755e-06,2.6729005670356187e-05,8.536735685216179e-05,4.9639593327599485e-05,2.538152916975456e-05,0.0098989622441469,0.0045383491563119,2.0,0.0,0.0,0.0166542065032036,1.0075617611991412,1.1148501159031394,1.1307644740434508,1.199519846138999,1.0425111398756126,123.06191258025936,161.46287565870398,163.77136511702585,176.60097073682385,177.23041815279797,152.7123081588573,0.1396540530323374,114.94697267390134
"Sup. Dem. Deficit, Sup. Percap. GINI & Energy",1.1807359595383817e-05,2.925410748089164e-07,9.928595353714265e-05,2.395232664320624e-05,1.732563051526359e-05,0.0204850430082398,0.0116308425250542,2.0,0.0,0.0,0.0191696125384665,1.0099823340803231,1.164238073946849,1.1556660059415849,1.1737096855626858,1.074938297345004,122.6805771891744,161.85077511379245,171.0264509745614,180.49005180276777,173.41693764536433,157.46240230631398,0.4760396561600794,108.1331715822162
Supplied Demand Deficit,0.0010657398557396,7.826148930112353e-05,7.528279925206327e-05,4.8922436826082105e-06,1.2157363097564655e-05,0.0117242249511434,0.016157739635723,2.0,0.0,0.0,0.031530417572024,1.0076847293502813,1.15484869906513,1.1962932905277353,1.078343966744315,1.0478371708838552,120.51510116389711,161.48258143959217,169.64715278905695,186.8351555454236,159.3265444951176,153.49249213721885,0.2890965950039469,96.18459831438372
