formulation,supplied_demand_deficit_PP1,supplied_demand_deficit_PP2,supplied_demand_deficit_PP3,supplied_demand_deficit_Toluquilla,supplied_demand_deficit_Pozos,supplied_demand_GINI,supply_percapita_GINI,ZAs_below_142,ZAs_below_100,ZAs_below_50,energy_costs,supplied_demand_PP1,supplied_demand_PP2,supplied_demand_PP3,supplied_demand_Toluquilla,supplied_demand_Pozos,supply_percapita_average,supply_percapita_PP1,supply_percapita_PP2,supply_percapita_PP3,supply_percapita_Toluquilla,supply_percapita_Pozos,comp_energy_costs,comp_supply_percapita_GINI
Sup. Dem. Deficit & All Justice,1.1778287687391751e-05,5.062242987263765e-05,9.05381119898907e-05,7.404455669934862e-06,6.382274899874307e-05,0.0116536921109291,0.0131763097752407,1.0,0.0,0.0,0.0292400132808878,1.0411930011533996,1.2522229981724649,1.07028681359084,1.0836324724196655,1.039520808286448,127.89,166.85231869246874,183.95142711673464,167.15566732573282,160.10792720859473,152.27426925291704,0.2448177682359446,0.1071038227184331
"Sup. Dem. Deficit, Energy & Sup. PerCap. GINI",9.586901258185064e-06,1.860082462279422e-06,8.907056263485202e-05,9.792273913289408e-06,1.377070908414879e-07,0.0070354073144467,0.0127153509387779,1.0,0.0,0.0,0.0307568488167992,1.052440099451502,1.5351024024006563,1.1232488014944555,1.1339311886164063,1.0389382185433274,129.36,168.65467851194666,225.5063819336088,175.42718512685812,167.53961959183542,152.18892855872332,0.4937608696585842,0.1897907724297231
Supplied Demand Deficit,0.0005284182340543,0.0001023174342442,4.826723275375144e-05,6.132851081597224e-05,7.613352222901604e-05,0.0096793217533884,0.0205675765260432,1.0,0.0,0.0,0.0934943484825344,1.0047959619150442,1.4041453364653778,1.1443056315860356,1.0787415614999496,1.0391768584013756,127.89,161.0196532944753,206.2688026805747,178.71580686920555,159.3852895713439,152.22388573294174,0.517705979193331,0.1174738366997859
