formulation,supplied_demand_deficit_PP1,supplied_demand_deficit_PP2,supplied_demand_deficit_PP3,supplied_demand_deficit_Toluquilla,supplied_demand_deficit_Pozos,supplied_demand_GINI,supply_percapita_GINI,ZAs_below_142,ZAs_below_100,ZAs_below_50,energy_costs,supplied_demand_PP1,supplied_demand_PP2,supplied_demand_PP3,supplied_demand_Toluquilla,supplied_demand_Pozos,supply_percapita_average,supply_percapita_PP1,supply_percapita_PP2,supply_percapita_PP3,supply_percapita_Toluquilla,supply_percapita_Pozos,comp_energy_costs,comp_supply_percapita_GINI
Sup. Dem. Deficit & All Justice,1.913215856852446e-07,4.325281912631596e-05,3.4848049741298404e-05,1.0077052539414488e-05,4.248993399014189e-06,0.0049898521753733,0.0049629242362243,1.0,0.0,0.0,0.0264371083609916,1.0687436107757076,1.0701457816584463,1.037197509977177,1.0981100226611218,1.0465771245269293,141.12,171.2673340563646,157.20430310441603,161.9878332866226,162.2470016819187,153.30791416947042,0.1936298464082966,0.0703637435628131
"Sup. Dem. Deficit, Energy & Sup. PerCap. GINI",1.0444906024975609e-05,7.785547118110969e-08,2.2700364818106777e-05,1.852874828278672e-05,1.4061700647549635e-05,0.0081543239156151,0.0101450483400399,1.0,0.0,0.0,0.0248851810730756,1.0734444023415897,1.078165027831994,1.0548643668244693,1.1111539870011409,1.0561178275551684,142.59,172.02064105284708,158.38232952636915,164.74701447839072,164.17426221186565,154.70548463675047,0.5395985766556102,0.0790578221547107
Supplied Demand Deficit,0.0042929205108865,3.771403623531455e-05,0.0002719578505336,0.0001128858086978,0.0001588282662421,0.0088169884742143,0.0108004677523722,1.0,0.0,0.0,0.2016353243224778,0.9957070794891134,1.0301798088731748,1.020781603978755,1.0316295530855857,1.0298162419957748,141.12,159.5631499320729,151.3333058933053,159.42402357965577,152.42443687835035,150.8526952656058,0.5286204574628648,0.0712856737487344
